topico_nmf,negativo,neutro,positivo
0,0.0475517890772128,0.09274952919020715,0.85969868173258
1,0.12541694462975317,0.059372915276851235,0.8152101400933957
2,0.1472795497185741,0.055347091932457786,0.797373358348968
3,0.23275514320290439,0.06776926179911255,0.6994755949979831
4,0.0481283422459893,0.0213903743315508,0.93048128342246
5,0.4989624599132239,0.11224297302395775,0.38879456706281834
