modelo,accuracy,precision_macro,recall_macro,f1_macro,f1_weighted
Regressao Logistica,0.7815351583467526,0.6229543998759276,0.6497571613114813,0.6297261685070704,0.7997867675464992
SVM Linear,0.8134728931830381,0.6234628978365203,0.6321507952396473,0.6272349647823732,0.813079178821192
Naive Bayes,0.8389694041867954,0.6731195347541,0.5972111976786874,0.5701475799333127,0.8053918832847412
